,id,model_answer,confidence,correct_answer,is_correct
1,2784,1,4,1,1
2,2440,2,5,2,1
3,1694,2,3,2,1
4,2494,0,3,0,1
5,2270,0,1,0,1
6,3476,0,3,0,1
7,937,2,5,0,0
8,495,2,4,2,1
10,3375,1,5,1,1
12,1487,2,4,2,1
13,969,2,4,1,0
14,2883,1,5,1,1
15,655,2,5,2,1
16,229,0,5,0,1
17,1116,1,2,1,1
18,840,1,3,1,1
19,32,1,5,1,1
20,1583,2,5,2,1
21,803,2,4,2,1
22,2110,0,4,0,1
23,2981,1,5,1,1
24,1067,0,4,0,1
25,2428,1,5,1,1
26,2928,0,3,0,1
27,3437,0,5,0,1
31,2905,2,5,2,1
32,402,0,1,0,1
33,3353,0,5,0,1
34,2102,2,5,0,0
35,3066,2,3,0,0
36,3221,0,4,0,1
37,501,0,4,0,1
38,3639,0,5,0,1
39,1113,0,5,0,1
40,1403,1,5,1,1
41,2657,1,5,1,1
42,1149,2,5,2,1
43,3248,2,3,2,1
44,3636,2,3,2,1
45,2586,1,3,1,1
46,109,2,5,2,1
47,14,1,2,1,1
48,2528,2,5,2,1
49,1293,2,5,2,1
50,1226,2,2,2,1
51,2531,0,5,0,1
52,2925,2,5,2,1
53,1108,2,2,2,1
54,693,2,3,0,0
55,2989,2,5,2,1
56,964,2,5,2,1
57,3624,1,3,1,1
58,17,0,5,0,1
59,2915,2,4,2,1
60,3447,1,5,1,1
61,564,0,1,0,1
62,1496,1,5,1,1
64,353,0,4,0,1
65,468,0,4,0,1
66,1410,1,3,1,1
67,1509,0,4,1,0
68,59,2,5,2,1
69,415,2,5,2,1
70,715,1,5,1,1
71,354,1,5,1,1
73,1280,0,1,0,1
74,858,0,5,1,0
75,1525,0,3,2,0
77,1503,2,5,2,1
78,374,0,3,0,1
80,1506,1,3,1,1
82,958,2,4,0,0
83,1502,0,4,1,0
84,982,2,3,2,1
85,634,0,4,0,1
86,162,0,1,0,1
87,380,2,2,2,1
88,1129,1,5,1,1
89,932,1,1,1,1
90,1779,2,5,2,1
91,2890,1,1,1,1
92,4956,2,5,2,1
93,1297,2,4,1,0
94,2422,0,1,0,1
95,5028,2,5,2,1
96,2868,0,1,0,1
97,622,0,1,0,1
98,4739,2,4,2,1
99,4283,1,3,2,0
100,2146,1,3,1,1
101,3208,0,1,0,1
102,3513,2,5,1,0
103,4046,2,3,2,1
104,4814,1,3,1,1
105,4896,1,5,1,1
107,2067,1,4,1,1
108,577,1,4,1,1
109,4403,1,4,2,0
110,1261,0,5,0,1
113,3119,2,4,2,1
114,4692,0,3,0,1
116,4237,2,5,2,1
117,1305,1,4,2,0
118,3692,1,5,1,1
119,2602,2,1,2,1
120,3717,2,5,2,1
121,1197,1,5,1,1
122,373,1,4,2,0
123,3535,1,5,1,1
124,3592,1,4,1,1
125,4537,2,5,2,1
126,177,0,5,0,1
127,5410,2,2,2,1
128,1421,2,4,0,0
129,1488,0,1,0,1
130,1770,0,1,0,1
132,2525,1,5,1,1
133,4786,0,5,0,1
134,5099,2,5,2,1
135,5343,0,5,0,1
136,4923,2,5,1,0
137,5542,2,3,2,1
138,683,2,4,2,1
139,4800,1,5,1,1
140,1978,1,1,1,1
142,4441,1,4,1,1
144,4449,2,5,2,1
145,1897,2,4,2,1
146,2715,0,4,0,1
147,80,1,5,1,1
148,371,0,1,1,0
149,530,1,2,1,1
150,333,1,5,1,1
151,1121,0,5,0,1
152,3703,0,5,0,1
153,1740,1,2,1,1
154,2328,2,3,2,1
155,2748,0,2,0,1
156,4958,2,3,2,1
157,4883,1,4,1,1
158,4071,1,5,1,1
159,2465,0,5,0,1
160,4430,2,3,2,1
161,2926,0,1,0,1
163,324,1,5,1,1
164,3459,0,5,0,1
165,3386,0,1,0,1
166,4826,0,3,0,1
167,2600,2,5,2,1
168,2794,0,1,0,1
169,1181,0,5,0,1
170,4448,1,2,1,1
171,79,2,4,2,1
172,2815,1,5,1,1
173,167,1,4,1,1
174,1672,1,1,1,1
175,1074,0,1,0,1
177,5577,1,5,1,1
178,3861,0,5,0,1
179,1520,2,1,2,1
180,2495,0,5,0,1
181,3049,1,5,1,1
182,794,2,5,2,1
184,63,1,5,1,1
186,2018,0,2,0,1
187,331,2,4,2,1
188,810,2,3,2,1
189,594,1,1,1,1
190,2580,1,1,1,1
192,1029,2,5,2,1
193,1675,1,5,1,1
195,194,1,1,1,1
196,2371,1,4,1,1
197,2034,2,2,2,1
198,2539,0,5,0,1
199,246,2,5,2,1
200,256,0,1,0,1
201,486,1,3,1,1
203,1963,2,5,2,1
204,144,1,5,1,1
205,2482,0,1,0,1
206,1151,0,5,0,1
208,416,1,2,1,1
209,2223,0,5,0,1
211,990,1,4,1,1
212,192,1,3,1,1
213,1228,2,5,2,1
214,1431,1,4,1,1
217,2801,1,4,1,1
218,1593,0,5,0,1
220,1510,0,1,0,1
221,1766,2,2,2,1
222,670,1,5,1,1
223,2496,2,5,2,1
224,2507,1,5,1,1
225,266,0,1,0,1
226,1055,1,4,1,1
227,1091,1,4,1,1
228,718,1,3,1,1
229,1037,1,5,1,1
230,1677,2,4,2,1
231,102,0,4,1,0
232,1924,1,5,1,1
233,581,0,5,0,1
234,1971,1,5,1,1
235,2966,1,5,1,1
236,1246,0,5,0,1
237,813,0,2,1,0
238,1173,0,5,0,1
239,534,2,2,2,1
240,514,2,3,2,1
241,1524,1,5,1,1
242,522,1,3,1,1
243,274,1,2,1,1
244,494,1,3,1,1
245,65,0,5,2,0
246,672,1,5,1,1
247,978,1,5,1,1
248,722,2,4,2,1
249,780,0,4,0,1
250,1013,2,5,2,1
251,669,1,5,0,0
254,29,2,5,0,0
256,1545,0,4,0,1
257,1567,1,5,1,1
258,527,0,4,2,0
259,664,2,4,2,1
260,1526,1,5,1,1
262,5728,0,1,0,1
263,5345,0,5,0,1
264,2906,0,5,0,1
265,3257,0,5,0,1
266,4607,0,3,1,0
267,5269,2,4,2,1
268,5787,1,5,1,1
269,5937,0,5,0,1
270,1498,2,3,2,1
271,4184,0,1,0,1
272,3003,0,4,0,1
273,1425,0,2,2,0
274,3759,0,3,2,0
275,1451,0,5,0,1
279,6441,2,5,2,1
280,3282,0,1,0,1
281,3295,0,5,0,1
283,6695,2,5,2,1
284,1894,0,1,0,1
285,2283,0,5,0,1
286,1038,2,1,2,1
289,6777,2,5,2,1
290,3125,0,5,0,1
291,4921,0,5,0,1
292,6709,0,5,0,1
293,6772,0,1,0,1
294,1501,2,5,2,1
295,763,1,5,1,1
296,1281,2,4,0,0
298,5594,0,1,0,1
299,3529,2,5,2,1
300,5459,2,5,2,1
301,6655,1,5,1,1
302,2572,1,3,1,1
303,4623,2,4,0,0
304,1912,0,2,0,1
305,5485,2,5,2,1
306,6848,1,5,1,1
307,5296,1,1,1,1
308,1650,0,3,0,1
309,2197,1,5,1,1
310,3721,2,5,2,1
311,3574,0,3,0,1
312,3641,0,5,0,1
314,3407,2,5,2,1
315,5321,1,5,1,1
316,6479,2,5,2,1
318,4467,2,5,2,1
319,2087,1,5,1,1
320,3012,2,5,2,1
321,1882,2,2,2,1
322,4347,0,5,0,1
323,2458,1,5,1,1
325,4844,0,1,0,1
326,1805,1,5,1,1
327,503,0,5,0,1
329,2807,1,5,1,1
331,4017,0,5,0,1
332,2344,2,3,2,1
333,5286,1,1,1,1
334,2318,2,2,2,1
335,3686,0,3,0,1
337,4235,1,5,1,1
338,5623,1,5,1,1
339,4224,2,3,2,1
340,4928,2,2,2,1
341,5807,0,5,0,1
342,6610,1,3,1,1
343,4897,2,5,2,1
344,1876,1,5,1,1
345,2177,0,5,0,1
346,3098,2,3,2,1
348,5836,0,1,0,1
349,3337,0,5,0,1
350,472,1,4,1,1
353,511,0,3,0,1
354,1782,0,5,0,1
355,2284,1,3,1,1
356,3932,2,5,2,1
358,5617,0,5,0,1
359,1741,0,5,0,1
360,3706,2,3,2,1
361,2997,0,4,0,1
362,1446,1,1,1,1
364,6317,2,5,2,1
365,6058,1,1,1,1
366,3929,1,5,1,1
368,6254,0,1,0,1
369,3315,1,5,1,1
370,3620,2,2,2,1
373,4166,2,3,2,1
374,233,1,5,1,1
375,800,2,5,2,1
376,5671,0,5,0,1
377,6616,2,5,2,1
378,5125,0,5,0,1
379,4129,1,5,1,1
380,668,0,4,0,1
381,3544,2,5,2,1
382,9075,0,5,0,1
384,4080,2,3,2,1
385,1254,1,1,1,1
386,2627,0,5,0,1
387,7302,2,4,2,1
388,3077,2,5,2,1
389,8970,2,5,2,1
390,3979,0,5,0,1
391,1056,1,3,1,1
392,8560,2,5,2,1
393,10544,2,3,2,1
394,7229,1,5,1,1
395,2514,0,1,0,1
396,2625,1,5,1,1
397,4269,0,5,0,1
398,4110,0,1,0,1
399,9646,2,2,2,1
400,7254,2,4,2,1
401,8969,0,5,0,1
402,1213,1,5,1,1
403,8076,2,3,2,1
404,10508,1,4,1,1
405,8749,2,5,2,1
406,10638,1,4,1,1
408,6227,0,5,0,1
410,3936,0,2,0,1
411,4816,0,1,0,1
412,10184,2,3,2,1
413,1905,2,5,2,1
414,1433,1,5,1,1
415,318,2,5,2,1
416,9736,0,3,0,1
417,10240,0,4,0,1
418,9466,2,3,2,1
419,4466,1,3,1,1
421,4562,1,3,1,1
423,1732,0,3,0,1
424,4418,0,3,0,1
425,3403,1,5,1,1
426,2227,0,5,0,1
428,1701,1,5,1,1
429,5856,1,2,1,1
430,9366,2,3,2,1
431,7469,2,4,2,1
432,533,1,5,1,1
433,10894,2,3,2,1
434,3424,1,1,1,1
435,3194,2,2,2,1
436,4376,0,1,0,1
438,8839,2,5,2,1
439,8888,2,5,2,1
441,9280,1,3,1,1
442,1042,1,3,1,1
443,2108,2,3,2,1
444,9744,1,3,1,1
445,10734,2,3,2,1
446,4190,2,3,2,1
447,6720,1,5,1,1
448,1825,1,5,1,1
449,1208,2,5,2,1
450,9376,1,3,1,1
451,11149,1,5,1,1
452,11123,0,5,0,1
453,1669,1,5,1,1
454,554,1,4,2,0
455,9651,2,5,2,1
456,3465,0,5,0,1
457,6083,0,5,0,1
458,8630,0,5,0,1
459,4511,1,5,1,1
460,5582,2,5,2,1
461,1862,1,4,1,1
462,10354,0,5,0,1
463,9876,0,3,0,1
464,5920,0,3,0,1
465,3540,2,4,2,1
466,2935,0,5,0,1
467,6774,0,5,0,1
468,2980,0,1,0,1
469,5627,0,5,0,1
470,5701,0,5,0,1
471,10050,1,4,1,1
472,9272,2,3,2,1
473,1883,1,5,1,1
474,2691,0,5,0,1
476,5350,2,5,2,1
477,7844,0,5,0,1
479,1692,0,1,0,1
481,7930,1,1,1,1
482,856,2,5,2,1
483,1110,0,1,0,1
484,1084,1,5,1,1
485,9955,2,5,2,1
486,1282,1,5,1,1
487,10603,2,5,2,1
488,5378,0,1,0,1
489,10547,0,5,0,1
490,9963,0,5,0,1
491,3312,2,3,2,1
492,11115,0,5,0,1
493,9498,0,3,0,1
495,8126,2,5,2,1
496,11112,2,3,2,1
497,2407,2,5,2,1
498,218,0,1,0,1
499,5662,0,1,0,1
500,1457,2,5,2,1
502,6018,2,3,2,1
503,427,0,5,0,1
504,7612,2,5,2,1
505,2199,2,5,2,1
506,6151,1,5,1,1
507,9033,1,5,1,1
508,5138,1,4,1,1
509,10098,2,4,2,1
510,9238,0,3,0,1
511,3846,2,3,2,1
512,9556,1,3,1,1
513,7191,1,5,1,1
514,3617,2,5,2,1
515,9100,1,5,1,1
516,8740,1,5,1,1
517,927,1,4,1,1
518,608,2,3,2,1
519,967,2,5,2,1
520,2516,0,5,0,1
521,6840,2,5,2,1
523,10254,0,4,0,1
524,8386,2,5,2,1
526,5494,2,2,2,1
527,2152,0,1,0,1
528,3058,0,1,0,1
529,33,1,5,1,1
530,4439,2,5,2,1
531,8685,1,5,1,1
532,2167,0,5,0,1
534,3061,1,5,1,1
535,6855,2,5,2,1
536,9724,2,5,2,1
537,9917,0,5,0,1
538,4064,1,1,1,1
539,1965,2,5,2,1
540,4127,1,5,1,1
541,3399,2,5,2,1
542,7514,1,5,1,1
543,8935,2,5,2,1
544,8095,1,4,1,1
545,1347,1,5,1,1
546,8750,1,5,1,1
547,3063,0,5,0,1
548,8157,0,5,0,1
549,8889,1,5,1,1
552,11092,1,3,1,1
553,9271,1,5,1,1
554,10689,0,5,0,1
555,3952,2,2,2,1
556,1393,1,5,1,1
557,9753,0,5,0,1
558,9197,1,5,1,1
559,2629,2,5,2,1
560,8526,1,4,1,1
561,9566,0,3,0,1
562,9913,0,5,0,1
563,4112,2,3,2,1
564,9757,1,5,1,1
565,6153,1,5,1,1
567,7033,2,5,2,1
568,7393,0,4,0,1
569,1522,2,4,2,1
570,4040,2,2,2,1
571,4012,0,1,0,1
572,10857,1,5,1,1
573,12320,1,3,1,1
574,13759,0,5,0,1
575,14247,0,5,0,1
576,14734,1,1,1,1
577,88,0,5,0,1
578,4226,2,5,2,1
579,6021,2,5,2,1
580,2613,1,4,1,1
581,7775,0,4,0,1
583,12721,1,4,1,1
584,12854,1,4,1,1
585,735,0,5,0,1
586,10529,1,4,1,1
587,150,0,5,0,1
588,9623,1,5,1,1
589,4359,2,5,2,1
590,13990,1,1,1,1
591,2124,0,1,0,1
592,15635,2,3,0,0
593,12425,1,5,1,1
594,11311,0,5,0,1
595,10419,1,5,1,1
596,930,1,5,1,1
597,9601,2,5,2,1
598,1799,0,5,0,1
599,5107,1,5,1,1
600,4034,0,1,0,1
601,15041,2,4,2,1
602,13973,2,5,2,1
603,2616,0,1,0,1
604,15061,0,4,0,1
605,123,1,5,1,1
606,426,1,4,1,1
607,3646,0,1,0,1
608,15055,2,5,2,1
609,2498,2,1,2,1
610,10465,1,5,1,1
611,9697,2,5,2,1
612,1071,1,5,1,1
613,15533,0,3,1,0
616,13899,2,5,2,1
617,8530,0,1,0,1
618,563,1,5,1,1
620,13361,1,4,1,1
621,2435,2,4,2,1
622,14670,0,1,0,1
623,11026,0,1,0,1
624,5861,1,5,1,1
625,6908,2,2,2,1
626,4191,0,5,0,1
627,14708,2,3,2,1
628,14984,0,3,0,1
629,13644,0,3,0,1
630,3589,0,4,0,1
631,3154,2,1,2,1
633,14996,0,1,0,1
634,6730,2,5,2,1
635,8471,2,5,2,1
636,4069,0,4,0,1
637,8248,1,1,1,1
638,11283,1,5,1,1
639,2315,1,5,1,1
641,9864,1,1,1,1
642,7814,0,1,0,1
643,5549,1,5,1,1
644,13089,2,4,2,1
645,10474,1,2,1,1
646,11977,1,5,1,1
647,7589,2,4,2,1
648,8348,1,1,1,1
649,2798,2,2,2,1
650,10905,1,5,1,1
651,6282,2,5,2,1
652,10067,2,5,2,1
653,5070,0,1,0,1
654,4982,1,3,1,1
655,14366,0,1,0,1
659,9978,1,1,1,1
660,2405,0,4,0,1
661,12845,2,4,2,1
662,14495,1,5,1,1
663,4106,1,1,1,1
664,9473,0,5,0,1
667,5453,0,5,0,1
668,4630,0,3,0,1
670,6417,2,5,2,1
671,6883,0,5,0,1
672,1199,1,5,1,1
673,4395,0,5,0,1
674,9438,0,3,0,1
675,1086,2,4,2,1
676,3316,2,5,2,1
677,15367,2,4,0,0
678,3481,1,4,1,1
679,11612,2,3,2,1
680,2122,1,1,1,1
681,8296,2,1,2,1
682,2288,0,1,0,1
683,15287,2,4,0,0
685,2119,0,5,0,1
686,9189,0,5,0,1
687,8991,0,5,0,1
688,7934,0,1,0,1
689,8278,2,5,2,1
690,9707,2,5,2,1
691,5458,0,1,0,1
692,5353,0,5,0,1
693,8732,1,5,1,1
694,1984,2,5,2,1
695,6876,0,1,0,1
696,5030,0,1,0,1
697,1962,1,2,1,1
698,5076,2,5,2,1
699,4643,2,5,2,1
700,8400,2,3,2,1
701,11131,1,5,1,1
702,11126,1,2,1,1
703,5098,2,4,2,1
704,2585,1,2,2,0
705,3341,2,5,2,1
706,8206,1,1,1,1
707,7388,0,1,0,1
708,1632,0,4,0,1
709,6341,2,5,2,1
710,11061,1,5,1,1
711,13206,0,3,0,1
712,11841,0,5,0,1
713,14138,0,1,0,1
714,6942,1,4,1,1
715,13068,2,3,2,1
716,6109,0,5,0,1
717,10036,2,3,2,1
719,1683,0,5,0,1
720,4750,0,2,0,1
721,12710,1,3,1,1
722,6929,0,5,0,1
723,9792,0,1,0,1
724,8279,0,5,0,1
725,9979,0,5,0,1
726,4600,2,3,2,1
727,5156,1,1,1,1
728,1061,0,5,0,1
729,7603,1,5,1,1
730,6536,0,1,0,1
731,10537,2,5,2,1
732,13133,1,4,1,1
733,8290,2,1,2,1
734,5312,2,5,2,1
736,10786,2,1,2,1
737,15465,2,5,1,0
738,8272,1,3,1,1
739,15052,0,1,0,1
740,3070,2,3,2,1
741,10121,1,5,1,1
742,13967,0,5,0,1
743,1714,2,3,2,1
744,8710,2,3,2,1
746,5800,1,3,1,1
747,15417,2,4,1,0
748,9455,2,5,2,1
749,13202,1,2,1,1
750,13570,2,3,2,1
751,11903,2,5,2,1
752,828,1,2,1,1
753,15309,2,4,0,0
754,8047,2,5,2,1
755,10151,1,5,1,1
756,9191,2,5,2,1
757,9315,1,5,1,1
758,11042,2,3,2,1
759,2861,1,4,1,1
760,11717,1,5,1,1
761,14384,1,3,1,1
762,10286,2,1,2,1
764,10968,2,3,2,1
765,907,0,5,0,1
766,9688,0,1,0,1
767,13326,1,1,1,1
768,15949,1,4,0,0
769,14210,0,1,0,1
770,12105,0,5,0,1
771,387,0,5,0,1
772,357,2,5,2,1
773,15926,2,4,2,1
774,15231,1,5,1,1
775,751,1,5,1,1
776,12386,2,1,2,1
777,3425,2,4,2,1
778,7747,1,5,1,1
779,2816,2,3,2,1
780,127,2,5,2,1
781,8271,1,5,1,1
782,4104,1,1,1,1
783,1398,1,3,1,1
784,12888,0,3,0,1
785,3421,0,4,0,1
786,7085,1,4,1,1
788,99,2,5,2,1
790,6192,0,5,0,1
791,708,1,3,1,1
793,4755,2,5,2,1
794,15475,1,4,1,1
795,1662,0,4,0,1
796,8051,2,5,2,1
797,8101,1,5,1,1
798,7583,2,4,2,1
799,7584,0,3,0,1
800,10312,1,1,1,1
801,13996,2,3,2,1
802,10127,2,5,2,1
803,4842,2,3,2,1
804,1034,2,5,2,1
805,10083,0,5,0,1
806,5589,1,5,1,1
807,9413,0,5,0,1
808,2084,1,1,1,1
809,2246,2,3,2,1
810,5813,2,5,2,1
811,8627,1,5,1,1
812,4660,1,4,1,1
813,12638,1,2,0,0
814,4881,2,5,2,1
815,7614,0,1,0,1
816,3837,0,4,0,1
817,2150,1,3,1,1
818,13820,1,5,1,1
819,4194,2,3,2,1
820,10796,2,3,2,1
821,1370,2,3,2,1
822,1989,1,5,1,1
823,7598,2,1,2,1
824,12925,1,2,2,0
825,6933,2,5,2,1
826,2698,0,1,0,1
827,7900,2,5,2,1
828,14141,1,5,1,1
829,1310,1,3,1,1
830,902,2,5,2,1
831,4209,0,4,0,1
832,13871,2,5,2,1
833,5100,2,3,2,1
834,2184,2,5,2,1
835,4344,1,5,1,1
836,1328,0,3,0,1
837,8114,1,5,1,1
838,3059,2,4,2,1
839,2325,2,5,2,1
841,1178,1,2,1,1
842,865,0,5,0,1
844,439,2,5,2,1
845,58,2,1,2,1
846,1120,0,5,2,0
847,323,2,4,2,1
848,974,0,5,0,1
849,411,2,5,2,1
850,855,1,4,1,1
852,44,2,5,2,1
853,49,0,1,1,0
854,849,2,5,2,1
855,240,0,4,0,1
856,170,1,5,1,1
857,523,0,5,0,1
858,765,1,3,2,0
859,838,2,5,2,1
860,423,0,5,0,1
863,1941,0,5,0,1
864,5984,2,5,2,1
865,6226,2,3,2,1
866,1511,0,2,2,0
867,3443,1,5,0,0
868,3100,2,3,2,1
869,5354,2,4,2,1
870,1670,2,1,2,1
871,3123,1,5,1,1
872,6526,1,3,1,1
873,5519,0,5,0,1
874,3593,1,3,2,0
875,1242,0,1,0,1
877,3320,0,4,0,1
878,1858,2,2,2,1
879,3460,0,5,0,1
880,4825,0,4,2,0
881,2812,2,3,2,1
882,4412,1,5,1,1
883,1317,2,3,0,0
884,5461,1,5,1,1
888,3558,2,5,2,1
889,538,1,3,1,1
890,5153,1,5,1,1
891,5781,0,5,0,1
892,3250,2,3,2,1
893,1287,0,2,1,0
894,736,1,2,1,1
896,1397,0,4,0,1
898,6468,0,1,0,1
899,4769,2,5,0,0
900,6187,1,3,0,0
902,5233,0,5,0,1
904,1720,0,5,0,1
905,5066,2,3,2,1
907,6408,2,1,2,1
908,3196,2,4,2,1
909,1561,0,3,0,1
910,5723,1,5,1,1
911,2045,2,4,2,1
913,5002,0,1,0,1
914,4047,0,5,0,1
915,1586,1,3,1,1
916,1263,1,5,2,0
917,5704,1,3,1,1
918,1379,2,4,2,1
920,5767,2,5,2,1
921,921,2,5,2,1
923,852,2,2,2,1
924,4789,2,4,0,0
925,6534,1,3,1,1
926,2954,2,3,2,1
927,585,0,4,0,1
928,3739,1,5,0,0
929,5979,1,5,1,1
931,3308,0,5,0,1
932,2127,1,5,1,1
933,742,1,5,1,1
935,6749,2,5,2,1
936,5510,1,3,1,1
937,1656,0,1,0,1
938,6188,0,5,0,1
939,696,2,2,2,1
940,4515,1,2,0,0
941,2271,0,5,0,1
942,5586,1,3,1,1
943,1783,2,4,1,0
944,5965,0,5,2,0
946,3770,0,1,0,1
948,3872,1,3,1,1
949,3285,0,3,1,0
951,756,0,3,0,1
952,3207,0,5,0,1
953,2499,1,5,1,1
954,5094,0,1,0,1
955,6555,1,5,1,1
956,3601,2,3,0,0
957,5931,0,4,0,1
958,2053,0,4,0,1
959,5224,0,5,0,1
960,3666,2,3,2,1
961,6394,1,3,1,1
962,2986,1,2,1,1
964,5665,0,5,0,1
967,4932,0,5,0,1
968,6508,0,1,0,1
969,4489,1,5,0,0
970,3519,2,5,1,0
971,3274,0,5,0,1
972,5501,1,5,1,1
973,3227,2,5,2,1
974,6380,2,3,2,1
975,6246,1,4,1,1
976,6751,1,5,1,1
977,4697,1,2,2,0
978,198,2,5,2,1
980,635,0,1,2,0
981,309,1,5,1,1
982,23,0,3,1,0
983,299,0,5,0,1
984,593,1,5,1,1
985,298,1,5,1,1
986,485,0,5,0,1
987,625,2,3,0,0
989,778,1,3,1,1
990,631,0,2,2,0
991,464,0,1,0,1
